metrica,portafolio,benchmark
Retorno promedio mensual,0.051660776133836545,0.01251888664046132
Volatilidad mensual,0.18152638952513794,0.0525486649943272
Retorno promedio anual (aprox),0.8302403079022684,0.16101436960477633
Volatilidad anual (aprox),0.6288258591441555,0.18203391528018162
Sharpe anualizado,0.8683896277968595,0.7823247614672852
Max Drawdown,0.6085080946555348,0.23927185025588238
